<?xml version="1.0" encoding="UTF-8"?>
<beans xmlns="http://www.springframework.org/schema/beans"
	xmlns:xsi="http://www.w3.org/2001/XMLSchema-instance"
	xmlns:context="http://www.springframework.org/schema/context"
	xsi:schemaLocation="http://www.springframework.org/schema/beans http://www.springframework.org/schema/beans/spring-beans-3.1.xsd
		http://www.springframework.org/schema/context http://www.springframework.org/schema/context/spring-context-3.1.xsd">
<bean id="myDemo" class="org.cap.demo.MyClass">
	<property name="names">
		<list>
			<value>Tom</value>
			<value>Jerry</value>
			<value>Jack</value>
		</list>
		
		<!-- <map>
			<entry ></entry>
		</map> -->
		
		
	</property>
	
	<property name="addresses">
		<list>
			<ref bean="add1"/>
			<ref bean="add2"/>
		</list>
	</property>
</bean>



<bean id="add1" class="org.cap.demo.Address">
	<property name="doorNo" value="123"/>
	<property name="stName" value="NorthAvvenue"/>
	<property name="city" value="Chennai"/>
</bean>
<bean id="add2" class="org.cap.demo.Address">
	<property name="doorNo" value="345"/>
	<property name="stName" value="SouthComplex"/>
	<property name="city" value="Hyderabad"/>
</bean>

</beans>
