<?xml version="1.0" encoding="UTF-8"?>
<beans xmlns="http://www.springframework.org/schema/beans"
	xmlns:xsi="http://www.w3.org/2001/XMLSchema-instance"
	xmlns:context="http://www.springframework.org/schema/context"
	xsi:schemaLocation="http://www.springframework.org/schema/beans http://www.springframework.org/schema/beans/spring-beans-3.1.xsd
		http://www.springframework.org/schema/context http://www.springframework.org/schema/context/spring-context-3.1.xsd">

<context:annotation-config/>


<bean id="customer" class="org.cap.demo.Customer" >
	 <property name="custNo" value="1001"/>
	<property name="firstName" value="Tom"/>
	<property name="lastName" value="Jerry"/>
	<!-- <property name="address" ref="custAdd"/>  -->
	
	<!-- <constructor-arg name="custNo" value="1234"/> 
	<constructor-arg name="firstName" value="Tom"/>
	<constructor-arg name="lastName" value="Jack"/>
	 <constructor-arg name="address" ref="custAdd"/> -->
</bean>

<bean id="address1" class="org.cap.demo.Address">
	<property name="doorNo" value="12/A"/>
	<property name="stName" value="NorthAvvenue"/>
	<property name="city" value="Chennai"/>
</bean> 
 
<bean id="custAdd" class="org.cap.demo.Address">
	<property name="doorNo" value="14/A"/>
	<property name="stName" value="SouthCarStreet"/>
	<property name="city" value="Chennai"/>
</bean>

<bean id="postprocessbean" class="org.cap.demo.MyBeanPostProcessor"/>

 
</beans>
