<?xml version="1.0" encoding="UTF-8"?>
<beans xmlns="http://www.springframework.org/schema/beans"
	xmlns:xsi="http://www.w3.org/2001/XMLSchema-instance"
	xmlns:aop="http://www.springframework.org/schema/aop"
	xmlns:context="http://www.springframework.org/schema/context"
	xsi:schemaLocation="http://www.springframework.org/schema/beans http://www.springframework.org/schema/beans/spring-beans-3.1.xsd
		http://www.springframework.org/schema/aop http://www.springframework.org/schema/aop/spring-aop-3.1.xsd
		http://www.springframework.org/schema/context http://www.springframework.org/schema/context/spring-context-3.1.xsd">

<!-- <aop:config>
	<aop:aspect id="myAspect" ref="myLog">
		<aop:pointcut expression="execution (* org.cap.aop.demo.*.*(..))" id="myPointCut"/>
	
		<aop:before method="beforeAdvice" pointcut-ref="myPointCut"/>
		<aop:after method="afterAdvice" pointcut-ref="myPointCut"/>
		<aop:after-throwing method="afterthrowing" pointcut-ref="myPointCut" throwing="ex"/>
		<aop:after-returning method="afterReturning" pointcut-ref="myPointCut" returning="val"/>
		
	</aop:aspect>

</aop:config> -->


<aop:aspectj-autoproxy/>

<bean id="emp" class="org.cap.aop.demo.Employee">
	<property name="empId" value="1001"/>
	<property name="empName" value="Jack"/>
</bean>

<bean id="myLog" class="org.cap.aop.demo.Logging"/>

</beans>
